[
    {
        "pk": 9,
        "model": "events.category",
        "fields": {
            "thumb": "category_thumbs/btn_cat_magenta.png",
            "parent": 135,
            "title": "Gatherings",
            "color": "#d80b8c",
            "image": "category_images/gatherings.png",
            "is_associative": false,
            "button_icon": "category_button_icons/btn_cat_magenta.png",
            "category_type": "C",
            "small_icon": "",
            "association_coefficient": 0.0,
            "slug": "gatherings",
            "icon": "category_icons/gatherings.png"
        }
    },
    {
        "pk": 252,
        "model": "places.city",
        "fields": {
            "city": "Jackson Heights",
            "state": "NY",
            "slug": "jackson-heights-ny"
        }
    },
    {
        "pk": 251,
        "model": "places.city",
        "fields": {
            "city": "Union",
            "state": "NJ",
            "slug": "union-nj"
        }
    },
    {
        "pk": 250,
        "model": "places.city",
        "fields": {
            "city": "New York",
            "state": "NY",
            "slug": "new-york-ny"
        }
    },
    {
        "pk": 135,
        "model": "events.category",
        "fields": {
            "thumb": "",
            "parent": null,
            "title": "Concrete",
            "color": "",
            "image": "",
            "is_associative": true,
            "button_icon": "",
            "category_type": "O",
            "small_icon": "",
            "association_coefficient": 0.0,
            "slug": "concrete",
            "icon": ""
        }
    },
    {
        "pk": 194,
        "model": "events.category",
        "fields": {
            "thumb": "",
            "parent": 9,
            "title": "Public Event",
            "color": "",
            "image": "",
            "is_associative": false,
            "button_icon": "",
            "category_type": "C",
            "small_icon": "",
            "association_coefficient": 0.0,
            "slug": "public-event",
            "icon": ""
        }
    },
    {
        "pk": 1434,
        "model": "places.point",
        "fields": {
            "city": 250,
            "zip": "10038",
            "country": "US",
            "longitude": null,
            "address": "One Pace Plaza",
            "latitude": null
        }
    },
    {
        "pk": 200,
        "model": "events.category",
        "fields": {
            "thumb": "",
            "parent": 138,
            "title": "Educational",
            "color": "",
            "image": "",
            "is_associative": false,
            "button_icon": "",
            "category_type": "C",
            "small_icon": "",
            "association_coefficient": 0.0,
            "slug": "educational",
            "icon": ""
        }
    },
    {
        "pk": 1433,
        "model": "places.point",
        "fields": {
            "city": 250,
            "zip": "10007",
            "country": "US",
            "longitude": null,
            "address": "280 Broadway",
            "latitude": null
        }
    },
    {
        "pk": 1432,
        "model": "places.point",
        "fields": {
            "city": 252,
            "zip": "11372",
            "country": "US",
            "longitude": null,
            "address": "34-47-34-49 87th St",
            "latitude": null
        }
    },
    {
        "pk": 16,
        "model": "events.category",
        "fields": {
            "thumb": "category_thumbs/btn_cat_purple.png",
            "parent": 135,
            "title": "Nightlife",
            "color": "#812991",
            "image": "category_images/clubs.png",
            "is_associative": false,
            "button_icon": "category_button_icons/btn_cat_purple.png",
            "category_type": "C",
            "small_icon": "",
            "association_coefficient": 0.0,
            "slug": "nightlife",
            "icon": "category_icons/club.png"
        }
    },
    {
        "pk": 1431,
        "model": "places.point",
        "fields": {
            "city": 251,
            "zip": "07083",
            "country": "US",
            "longitude": null,
            "address": "",
            "latitude": null
        }
    },
    {
        "pk": 1,
        "model": "events.category",
        "fields": {
            "thumb": "category_thumbs/btn_cat_green.png",
            "parent": 135,
            "title": "Sports & Recreation",
            "color": "#50b849",
            "image": "category_images/sports_and_recreation.png",
            "is_associative": false,
            "button_icon": "category_button_icons/btn_cat_green.png",
            "category_type": "C",
            "small_icon": "",
            "association_coefficient": 0.0,
            "slug": "sports-recreation",
            "icon": "category_icons/sports_and_recreation.png"
        }
    },
    {
        "pk": 1430,
        "model": "places.point",
        "fields": {
            "city": 250,
            "zip": "10007",
            "country": "US",
            "longitude": null,
            "address": "21 Warren Street",
            "latitude": null
        }
    },
    {
        "pk": 138,
        "model": "events.category",
        "fields": {
            "thumb": "category_thumbs/btn_cat_salmon.png",
            "parent": 135,
            "title": "Hobbies & Interest",
            "color": "#f15c72",
            "image": "category_images/hobbies_and_interest.png",
            "is_associative": true,
            "button_icon": "category_button_icons/btn_cat_salmon.png",
            "category_type": "C",
            "small_icon": "",
            "association_coefficient": 0.0,
            "slug": "hobbies-interest",
            "icon": "category_icons/hobbies_and_interest.png"
        }
    },
    {
        "pk": 4,
        "model": "auth.user",
        "fields": {
            "username": "importer",
            "first_name": "",
            "last_name": "",
            "is_active": true,
            "is_superuser": false,
            "is_staff": false,
            "last_login": "2011-04-12 18:59:35",
            "groups": [],
            "user_permissions": [],
            "password": "sha1$efaab$97e25e5b10b13fa6bf75fea1fd72e2d54989ea7c",
            "email": "pkatsev@abextratech.com",
            "date_joined": "2011-04-12 18:59:35"
        }
    },
    {
        "pk": 5095,
        "model": "events.event",
        "fields": {
            "submitted_by": 4,
            "popularity_score": 0,
            "xid": "E0-001-041345503-0@2011103015",
            "description": " Location: GRCTR GC306  Kaplan GMAT course",
            "video_url": "",
            "created": "2011-10-28 21:29:32",
            "url": "http://eventful.com/newyork_ny/events/kaplan-wp-gmwr11508-91111-/E0-001-041345503-0@2011103015?utm_source=apis&utm_medium=apim&utm_campaign=apic",
            "image": "",
            "title": "Kaplan WP GMWR11508 (9/11-11/20)",
            "is_active": true,
            "modified": "2011-10-28 21:32:39",
            "concrete_category": 194,
            "image_url": "",
            "secret_key": "ccb16ebefd",
            "slug": "kaplan-wp-gmwr11508-911-1120",
            "categories": []
        }
    },
    {
        "pk": 5094,
        "model": "events.event",
        "fields": {
            "submitted_by": 4,
            "popularity_score": 0,
            "xid": "E0-001-038698318-7@2011111809",
            "description": " Location: CIVIC MULTI  Lubin Faculty Council would like to host several meetings throughout the 2011-2012 Academic year. The second and third meeting would be in NYC. Preferably in the Multipurpose Room or in Student Union.",
            "video_url": "",
            "created": "2011-10-28 21:29:32",
            "url": "http://eventful.com/newyork_ny/events/lubin-faculty-council-mee-/E0-001-038698318-7@2011111809?utm_source=apis&utm_medium=apim&utm_campaign=apic",
            "image": "",
            "title": "Lubin Faculty Council Meeting",
            "is_active": true,
            "modified": "2011-10-28 21:32:39",
            "concrete_category": 200,
            "image_url": "",
            "secret_key": "b82a6eed7b",
            "slug": "lubin-faculty-council-meeting",
            "categories": []
        }
    },
    {
        "pk": 1500,
        "model": "places.place",
        "fields": {
            "status": 1,
            "description": "<b>Pace University</b> is a private co-educational comprehensive\nuniversity with campuses located in New York City and throughout Westchester County and the Hudson\nValley in New York State. Pace was founded by two brothers, Homer S. Pace and Charles A. Pace, in 1906 primarily as a business school for men\nand women.<p></p>The current university consists of two colleges (the Dyson College of Arts and Sciences &amp; the\nPforzheimer Honors College), five schools (Lubin School of Business, the School of Computer Science and Information Systems, the School of Education, the\nSchool of Law, and the Lienhard School of\nNursing), and an institute (the World Trade Institute, formerly in the World Trade Center).<p></p>The Environmental Law program in the School of Law is very well-known and has received national accolades from the annual\nreport on law schools done by the magazine US News and\nWorld Report. Similarly, the accounting program for the Lubin School of Business (on both the Bachelor&#39;s Degree and MBA levels) is\nconsidered to be fairly prestigious and high caliber.<p></p>Pace is home to the National Actors Theatre founded by Tony\nRandall.",
            "title": "Pace University",
            "url": "http://eventful.com/newyork_ny/venues/pace-university-/V0-001-002232024-2?utm_source=apis&utm_medium=apim&utm_campaign=apic",
            "image": "location_images/V0-001-002232024-2_2.jpeg",
            "point": 1434,
            "place_types": [],
            "modified": "2011-10-28 21:29:31",
            "email": "",
            "phone": "",
            "prefix": "",
            "created": "2011-10-28 21:29:31",
            "image_url": "",
            "nickname": "",
            "slug": "pace-university",
            "unit": ""
        }
    },
    {
        "pk": 5093,
        "model": "events.event",
        "fields": {
            "submitted_by": 4,
            "popularity_score": 0,
            "xid": "E0-001-041987957-9@2011103118",
            "description": " Location: KESSL CONFB  Kaplan ACWR11704 PV (Mon/Wed)",
            "video_url": "",
            "created": "2011-10-28 21:29:32",
            "url": "http://eventful.com/newyork_ny/events/kaplan-pv-acwr11704-10261-/E0-001-041987957-9@2011103118?utm_source=apis&utm_medium=apim&utm_campaign=apic",
            "image": "",
            "title": "Kaplan PV ACWR11704 (10/26-11/30)",
            "is_active": true,
            "modified": "2011-10-28 21:32:39",
            "concrete_category": 200,
            "image_url": "",
            "secret_key": "2c3e4fbffb",
            "slug": "kaplan-pv-acwr11704-1026-1130",
            "categories": []
        }
    },
    {
        "pk": 5090,
        "model": "events.event",
        "fields": {
            "submitted_by": 4,
            "popularity_score": 0,
            "xid": "E0-001-043220605-5",
            "description": "Italy&#39;s many regions, from Tuscany to Sicily, are famous not only for their amazingly diverse selection of wines, but also for their equally diverse styles of cuisine. Regional Italian Cuisine and Wine introduces you to three traditional dishes from Northern, Middle, and Southern Italy, cooked fresh in our in-house kitchen, and paired with a tasting of five regional Italian wines.\n\nRegister at: http://www.newyorkvintners.com/p-7254-regional-italian-cuisine-and-wine-nov-5-1pm-c.aspx",
            "video_url": "",
            "created": "2011-10-28 21:18:44",
            "url": "http://eventful.com/newyork_ny/events/regional-italian-cuisine-and-wine-/E0-001-043220605-5?utm_source=apis&utm_medium=apim&utm_campaign=apic",
            "image": "event_images/E0-001-043220605-5.jpeg",
            "title": "Regional Italian Cuisine and Wine",
            "is_active": true,
            "modified": "2011-10-28 21:18:44",
            "concrete_category": 138,
            "image_url": "",
            "secret_key": "9f280a4c3f",
            "slug": "regional-italian-cuisine-and-wine",
            "categories": []
        }
    },
    {
        "pk": 5089,
        "model": "events.event",
        "fields": {
            "submitted_by": 4,
            "popularity_score": 0,
            "xid": "E0-001-043220561-2",
            "description": "While the Piemontese appellations of Barolo and Barbaresco have enjoyed numerous outstanding vintages in the past few decades, none surpass the 2001s in terms of overall quality. For us the 2001s have always been the real deal, a truly special benchmark vintage. For this special 10th anniversary retrospective blind tasting, we\u0092ll check in on the development of the most coveted 2001 Barolo and Barbaresco. Naturally, we\u0092ve selected 13 \u0093wine of the vintage\u0094 candidates for your tasting pleasure and intellectual scrutiny. Our lineup of 2001 Barolos and Barbarescos is filled with all killers and no fillers.\n\n* Barbaresco &quot;Asili&quot; (Bruno Giacosa) (95WA, 94IWC, 93WS)\n* Barbaresco &quot;Vigneto Vursu Valeirano&quot; (La Spinetta) (93IWC, 93WS)\n* Barolo &quot;San Rocco&quot; (Azelia) (93WA, 95WS)\n* Barolo &quot;Ginestra&quot; (Clerico) (95WA, 94IWC, 96WS)\n* Barolo &quot;Nei Cannubi&quot; (L. Einaudi) (91WA, 91IWC, 91WS \u0096 an EWS favorite)\n* Barolo &quot;Cicala&quot; (Aldo Conterno) (92WA, 95IWC, 94WS)\n* Barolo &quot;Cascina Francia&quot; (Giacomo Conterno) (96WA, 91IWC, 91WS)\n* Barolo &quot;Giachini&quot; (Giovanni Corino) (92WA, 93IWC, 92WS)\n* Barolo &quot;Le Rocche de Falletto&quot; (Bruno Giacosa) (97WA, 96IWC, 97WS)\n* Barolo &quot;Cannubi Boschis&quot; (Luciano Sandrone) (95+WA, 97IWC, 96WS)\n* Barolo &quot;Rocche dell\u0092Annunziata&quot; (Roberto Voerzio) (94WA, 95IWC, 95WS)\n* Lange &quot;Sori San Lorenzo&quot; (Gaja) (95WA, 95IWC, 96WS)\n* Lange &quot;Sori Tildin&quot; (Gaja) (95WA, 94IWC, 95WS)\n\nRegister at: http://www.newyorkvintners.com/p-7246-ews-2001-barolos-barbarescos-nov-7-630pm.aspx",
            "video_url": "",
            "created": "2011-10-28 21:18:44",
            "url": "http://eventful.com/newyork_ny/events/executive-wine-seminar-2001-barolos-barbarescos-/E0-001-043220561-2?utm_source=apis&utm_medium=apim&utm_campaign=apic",
            "image": "event_images/E0-001-043220561-2.jpeg",
            "title": "Executive Wine Seminar: 2001 Barolos & Barbarescos",
            "is_active": true,
            "modified": "2011-10-28 21:18:44",
            "concrete_category": 138,
            "image_url": "",
            "secret_key": "42a89ec8a8",
            "slug": "executive-wine-seminar-2001-barolos-barbarescos",
            "categories": []
        }
    },
    {
        "pk": 5088,
        "model": "events.event",
        "fields": {
            "submitted_by": 4,
            "popularity_score": 0,
            "xid": "E0-001-043221029-8@2011102916",
            "description": "Executive Chef Ryan Smith demonstrates how to make delicious, gourmet flat bread pizzas using quality ingredients for in-home eating. Pizza and the Wines That Love It features three courses of pizza paired with six food friendly wines that work great with this casual meal.  After leaving you will never make a frozen pizza again. Please be aware that vegetarian and other dietary restrictions may not be available. All classes are an hour and a half to two hours long.\n\nSlideshow: http://newyorkvintners.wordpress.com/2011/05/26/pizza-and-the-wines-that-love-it-class-slideshow/#slideshow_top\n\nRegister at: http://www.newyorkvintners.com/p-7278-pizza-and-the-wines-that-love-it-nov-26-4pm-c.aspx",
            "video_url": "",
            "created": "2011-10-28 21:18:44",
            "url": "http://eventful.com/newyork_ny/events/pizza-and-wines-love-/E0-001-043221029-8@2011102916?utm_source=apis&utm_medium=apim&utm_campaign=apic",
            "image": "event_images/E0-001-043221029-82011102916.jpeg",
            "title": "Pizza and the Wines that Love It",
            "is_active": true,
            "modified": "2011-10-28 21:18:44",
            "concrete_category": 138,
            "image_url": "",
            "secret_key": "02571670eb",
            "slug": "pizza-and-the-wines-that-love-it",
            "categories": []
        }
    },
    {
        "pk": 1499,
        "model": "places.place",
        "fields": {
            "status": 1,
            "description": "",
            "title": "HipHost Spot #320",
            "url": "http://eventful.com/newyork_ny/venues/hiphost-spot-320-/V0-001-005741504-7?utm_source=apis&utm_medium=apim&utm_campaign=apic",
            "image": "",
            "point": 1433,
            "place_types": [],
            "modified": "2011-10-28 21:18:44",
            "email": "",
            "phone": "",
            "prefix": "",
            "created": "2011-10-28 21:18:44",
            "image_url": "",
            "nickname": "",
            "slug": "hiphost-spot-320",
            "unit": ""
        }
    },
    {
        "pk": 5087,
        "model": "events.event",
        "fields": {
            "submitted_by": 4,
            "popularity_score": 0,
            "xid": "E0-001-043147402-0@2011102819",
            "description": " Come and join us on this fabolous walking tour that will take you through one of New York&#39;s most prized and memorable sights. Take a walk through the history of the area, from its humble beginnings sprung has such an amazing mecca of gigantic skyscrapers. On this tour we will be going through St. Pauls Chapel (oldest survivng church in New York City), City Hall Park. We will see incredible views of the Broooklyn Bridge, Statue of Liberty, Ellis Island, and most importantly the great World Trade Center memorial site which is sure to touch everyones hearts and souls.  About the Host:I am a fun loving, adventure thriving kind of guy. I love working with people, showing them around, and making sure everyone has a great time.",
            "video_url": "",
            "created": "2011-10-28 21:18:44",
            "url": "http://eventful.com/newyork_ny/events/world-trade-center-legacy-/E0-001-043147402-0@2011102819?utm_source=apis&utm_medium=apim&utm_campaign=apic",
            "image": "",
            "title": "World Trade Center Legacy",
            "is_active": true,
            "modified": "2011-10-28 21:18:44",
            "concrete_category": 16,
            "image_url": "",
            "secret_key": "83877e5ae7",
            "slug": "world-trade-center-legacy",
            "categories": []
        }
    },
    {
        "pk": 1498,
        "model": "places.place",
        "fields": {
            "status": 1,
            "description": "",
            "title": "HipHost Spot #327",
            "url": "http://eventful.com/jacksonheights/venues/hiphost-spot-327-/V0-001-005741512-6?utm_source=apis&utm_medium=apim&utm_campaign=apic",
            "image": "",
            "point": 1432,
            "place_types": [],
            "modified": "2011-10-28 21:18:43",
            "email": "",
            "phone": "",
            "prefix": "",
            "created": "2011-10-28 21:18:43",
            "image_url": "",
            "nickname": "",
            "slug": "hiphost-spot-327",
            "unit": ""
        }
    },
    {
        "pk": 5086,
        "model": "events.event",
        "fields": {
            "submitted_by": 4,
            "popularity_score": 0,
            "xid": "E0-001-043146827-8@2011102819",
            "description": " As Manhattan has gentrified, many immigrant populations have moved to the Outer Boroughs. Jackson Heights, Queens has become one of the the most ethnically diverse neighborhoods in New York City. Indian, Chinese, Korean, Ecuadorian and Afghan people call this area home. My tour will take you outside the guidebooks to Little India. You&#39;ll eat where the locals eat and shop where the locals shop. Bring spices home to your own kitchen and add some color to your wardrobe while enjoying a Bollywood soundtrack.  About the Host:I&#39;m a writer and life-long lover of all things New York. I&#39;ve lived abroad - France, Ghana, Ireland and Egypt - so I know what someone wants when they are looking for the local experience. I love telling people about my city and bringing the real New York alive for visitors. I&#39;m always up for an adventure so every tour is different.",
            "video_url": "",
            "created": "2011-10-28 21:18:43",
            "url": "http://eventful.com/jacksonheights/events/authentic-indian-food-/E0-001-043146827-8@2011102819?utm_source=apis&utm_medium=apim&utm_campaign=apic",
            "image": "",
            "title": "Authentic Indian Food in Jackson Heights, Queens",
            "is_active": true,
            "modified": "2011-10-28 21:29:44",
            "concrete_category": 16,
            "image_url": "",
            "secret_key": "ec77ca6184",
            "slug": "authentic-indian-food-in-jackson-heights-queens",
            "categories": []
        }
    },
    {
        "pk": 1497,
        "model": "places.place",
        "fields": {
            "status": 1,
            "description": "",
            "title": "Put your location on our MAP Below",
            "url": "http://eventful.com/union_nj/venues/put-your-location-on-our-map-below-/V0-001-005715724-0?utm_source=apis&utm_medium=apim&utm_campaign=apic",
            "image": "",
            "point": 1431,
            "place_types": [],
            "modified": "2011-10-28 21:18:43",
            "email": "",
            "phone": "",
            "prefix": "",
            "created": "2011-10-28 21:18:43",
            "image_url": "",
            "nickname": "",
            "slug": "put-your-location-on-our-map-below",
            "unit": ""
        }
    },
    {
        "pk": 5085,
        "model": "events.event",
        "fields": {
            "submitted_by": 4,
            "popularity_score": 0,
            "xid": "E0-001-040894219-8@2011110609",
            "description": "\n\n",
            "video_url": "",
            "created": "2011-10-28 21:18:43",
            "url": "http://eventful.com/union_nj/events/world-run-day-2011-union-a-/E0-001-040894219-8@2011110609?utm_source=apis&utm_medium=apim&utm_campaign=apic",
            "image": "",
            "title": "World Run Day 2011 - Union and vicinity | Union, New Jersey ...",
            "is_active": true,
            "modified": "2011-10-28 21:18:43",
            "concrete_category": 1,
            "image_url": "",
            "secret_key": "2661b03a9d",
            "slug": "world-run-day-2011-union-and-vicinity-union-new-je",
            "categories": []
        }
    },
    {
        "pk": 1496,
        "model": "places.place",
        "fields": {
            "status": 1,
            "description": "New York Vintners has both a conspicuous passion for the classic wines of Europe and a loyalty to quality wines from the world&#39;s other notable regions. Our own personal curiosity about wine keeps New York Vintners selection frequently changing, and our devotion to a wine&#39;s characteristics of terroir focuses our selection on producers that create a sense of place. No matter if you&#39;re looking for everyday drinking wines, undiscovered specialties, or rare trophy vintages, New York Vintners warm, enthusiastic approach to wine will suit your tastes.\n\nHours & Directions:\n\nMonday-Saturday, 11:00am to 8:00pm\nSunday, 12:00pm to 8:00pm.\n\nWe are located in Tribeca, at 21 Warren Street, between Broadway and Church Street. The closest parking garage is Central Parking System, 75 Park Place(corner of West Broadway), 212-812-3999.\n\nSubway options:\nR, W to City Hall\n6 to City Hall\nA, C to Chambers Street\n1, 2, 3 to Chambers Street",
            "title": "New York Vintners",
            "url": "http://eventful.com/newyork_ny/venues/new-york-vintners-/V0-001-000316630-6?utm_source=apis&utm_medium=apim&utm_campaign=apic",
            "image": "",
            "point": 1430,
            "place_types": [],
            "modified": "2011-10-28 21:18:43",
            "email": "",
            "phone": "",
            "prefix": "",
            "created": "2011-10-28 21:18:43",
            "image_url": "",
            "nickname": "",
            "slug": "new-york-vintners",
            "unit": ""
        }
    },
    {
        "pk": 5083,
        "model": "events.event",
        "fields": {
            "submitted_by": 4,
            "popularity_score": 0,
            "xid": "E0-001-043220613-4",
            "description": "The perfect class for anyone who wants to learn the basics of wine and cheese and how the two are successfully paired together. Join us and taste through a flight of wines paired with a wide selection of gourmet cheeses provided by Artisanal, one of New York&#39;s premium suppliers of fine cheese. \n\nRegister at: http://www.newyorkvintners.com/p-7086-wine-101-wine-cheese-101-oct-30-4pm-c.aspx",
            "video_url": "",
            "created": "2011-10-28 21:18:43",
            "url": "http://eventful.com/newyork_ny/events/wine-101-wine-cheese-101-/E0-001-043220613-4?utm_source=apis&utm_medium=apim&utm_campaign=apic",
            "image": "event_images/E0-001-043220613-4.jpeg",
            "title": "Wine 101: Wine & Cheese 101",
            "is_active": true,
            "modified": "2011-10-28 21:18:43",
            "concrete_category": 138,
            "image_url": "",
            "secret_key": "2a3cd533c2",
            "slug": "wine-101-wine-cheese-101",
            "categories": []
        }
    },
    {
        "pk": 14574,
        "model": "events.occurrence",
        "fields": {
            "start_datetime": "2011-11-20 15:00:00",
            "end_date": "2011-11-20",
            "start_time": "15:00:00",
            "start_date": "2011-11-20",
            "place": 1500,
            "end_time": "17:30:00",
            "is_all_day": false,
            "one_off_place": "",
            "event": 5095
        }
    },
    {
        "pk": 14573,
        "model": "events.occurrence",
        "fields": {
            "start_datetime": "2011-11-13 15:00:00",
            "end_date": "2011-11-13",
            "start_time": "15:00:00",
            "start_date": "2011-11-13",
            "place": 1500,
            "end_time": "17:30:00",
            "is_all_day": false,
            "one_off_place": "",
            "event": 5095
        }
    },
    {
        "pk": 14572,
        "model": "events.occurrence",
        "fields": {
            "start_datetime": "2011-11-06 15:00:00",
            "end_date": "2011-11-06",
            "start_time": "15:00:00",
            "start_date": "2011-11-06",
            "place": 1500,
            "end_time": "17:30:00",
            "is_all_day": false,
            "one_off_place": "",
            "event": 5095
        }
    },
    {
        "pk": 14571,
        "model": "events.occurrence",
        "fields": {
            "start_datetime": "2011-10-30 15:00:00",
            "end_date": "2011-10-30",
            "start_time": "15:00:00",
            "start_date": "2011-10-30",
            "place": 1500,
            "end_time": "17:30:00",
            "is_all_day": false,
            "one_off_place": "",
            "event": 5095
        }
    },
    {
        "pk": 14570,
        "model": "events.occurrence",
        "fields": {
            "start_datetime": "2011-11-18 09:00:00",
            "end_date": "2011-11-18",
            "start_time": "09:00:00",
            "start_date": "2011-11-18",
            "place": 1500,
            "end_time": "14:00:00",
            "is_all_day": false,
            "one_off_place": "",
            "event": 5094
        }
    },
    {
        "pk": 14569,
        "model": "events.occurrence",
        "fields": {
            "start_datetime": "2011-11-28 18:00:00",
            "end_date": "2011-11-28",
            "start_time": "18:00:00",
            "start_date": "2011-11-28",
            "place": 1500,
            "end_time": "22:05:00",
            "is_all_day": false,
            "one_off_place": "",
            "event": 5093
        }
    },
    {
        "pk": 14568,
        "model": "events.occurrence",
        "fields": {
            "start_datetime": "2011-11-21 18:00:00",
            "end_date": "2011-11-21",
            "start_time": "18:00:00",
            "start_date": "2011-11-21",
            "place": 1500,
            "end_time": "22:05:00",
            "is_all_day": false,
            "one_off_place": "",
            "event": 5093
        }
    },
    {
        "pk": 14567,
        "model": "events.occurrence",
        "fields": {
            "start_datetime": "2011-11-16 18:00:00",
            "end_date": "2011-11-16",
            "start_time": "18:00:00",
            "start_date": "2011-11-16",
            "place": 1500,
            "end_time": "22:05:00",
            "is_all_day": false,
            "one_off_place": "",
            "event": 5093
        }
    },
    {
        "pk": 14566,
        "model": "events.occurrence",
        "fields": {
            "start_datetime": "2011-11-14 18:00:00",
            "end_date": "2011-11-14",
            "start_time": "18:00:00",
            "start_date": "2011-11-14",
            "place": 1500,
            "end_time": "22:05:00",
            "is_all_day": false,
            "one_off_place": "",
            "event": 5093
        }
    },
    {
        "pk": 14565,
        "model": "events.occurrence",
        "fields": {
            "start_datetime": "2011-11-09 18:00:00",
            "end_date": "2011-11-09",
            "start_time": "18:00:00",
            "start_date": "2011-11-09",
            "place": 1500,
            "end_time": "22:05:00",
            "is_all_day": false,
            "one_off_place": "",
            "event": 5093
        }
    },
    {
        "pk": 14564,
        "model": "events.occurrence",
        "fields": {
            "start_datetime": "2011-11-07 18:00:00",
            "end_date": "2011-11-07",
            "start_time": "18:00:00",
            "start_date": "2011-11-07",
            "place": 1500,
            "end_time": "22:05:00",
            "is_all_day": false,
            "one_off_place": "",
            "event": 5093
        }
    },
    {
        "pk": 14563,
        "model": "events.occurrence",
        "fields": {
            "start_datetime": "2011-11-02 18:00:00",
            "end_date": "2011-11-02",
            "start_time": "18:00:00",
            "start_date": "2011-11-02",
            "place": 1500,
            "end_time": "22:05:00",
            "is_all_day": false,
            "one_off_place": "",
            "event": 5093
        }
    },
    {
        "pk": 14562,
        "model": "events.occurrence",
        "fields": {
            "start_datetime": "2011-10-31 18:00:00",
            "end_date": "2011-10-31",
            "start_time": "18:00:00",
            "start_date": "2011-10-31",
            "place": 1500,
            "end_time": "22:05:00",
            "is_all_day": false,
            "one_off_place": "",
            "event": 5093
        }
    },
    {
        "pk": 14558,
        "model": "events.occurrence",
        "fields": {
            "start_datetime": "2011-11-05 13:00:00",
            "end_date": "2011-11-05",
            "start_time": "13:00:00",
            "start_date": "2011-11-05",
            "place": 1496,
            "end_time": "15:00:00",
            "is_all_day": false,
            "one_off_place": "",
            "event": 5090
        }
    },
    {
        "pk": 14557,
        "model": "events.occurrence",
        "fields": {
            "start_datetime": "2011-11-07 18:30:00",
            "end_date": "2011-11-07",
            "start_time": "18:30:00",
            "start_date": "2011-11-07",
            "place": 1496,
            "end_time": "20:30:00",
            "is_all_day": false,
            "one_off_place": "",
            "event": 5089
        }
    },
    {
        "pk": 14556,
        "model": "events.occurrence",
        "fields": {
            "start_datetime": "2011-11-26 16:00:00",
            "end_date": "2011-11-26",
            "start_time": "16:00:00",
            "start_date": "2011-11-26",
            "place": 1496,
            "end_time": "18:00:00",
            "is_all_day": false,
            "one_off_place": "",
            "event": 5088
        }
    },
    {
        "pk": 14555,
        "model": "events.occurrence",
        "fields": {
            "start_datetime": "2011-11-19 16:00:00",
            "end_date": "2011-11-19",
            "start_time": "16:00:00",
            "start_date": "2011-11-19",
            "place": 1496,
            "end_time": "18:00:00",
            "is_all_day": false,
            "one_off_place": "",
            "event": 5088
        }
    },
    {
        "pk": 14554,
        "model": "events.occurrence",
        "fields": {
            "start_datetime": "2011-11-12 16:00:00",
            "end_date": "2011-11-12",
            "start_time": "16:00:00",
            "start_date": "2011-11-12",
            "place": 1496,
            "end_time": "18:00:00",
            "is_all_day": false,
            "one_off_place": "",
            "event": 5088
        }
    },
    {
        "pk": 14553,
        "model": "events.occurrence",
        "fields": {
            "start_datetime": "2011-11-05 16:00:00",
            "end_date": "2011-11-05",
            "start_time": "16:00:00",
            "start_date": "2011-11-05",
            "place": 1496,
            "end_time": "18:00:00",
            "is_all_day": false,
            "one_off_place": "",
            "event": 5088
        }
    },
    {
        "pk": 14552,
        "model": "events.occurrence",
        "fields": {
            "start_datetime": "2011-10-29 16:00:00",
            "end_date": "2011-10-29",
            "start_time": "16:00:00",
            "start_date": "2011-10-29",
            "place": 1496,
            "end_time": "18:00:00",
            "is_all_day": false,
            "one_off_place": "",
            "event": 5088
        }
    },
    {
        "pk": 14551,
        "model": "events.occurrence",
        "fields": {
            "start_datetime": "2011-11-07 19:00:00",
            "end_date": "2011-11-07",
            "start_time": "19:00:00",
            "start_date": "2011-11-07",
            "place": 1499,
            "end_time": "21:00:00",
            "is_all_day": false,
            "one_off_place": "",
            "event": 5087
        }
    },
    {
        "pk": 14550,
        "model": "events.occurrence",
        "fields": {
            "start_datetime": "2011-10-31 19:00:00",
            "end_date": "2011-10-31",
            "start_time": "19:00:00",
            "start_date": "2011-10-31",
            "place": 1499,
            "end_time": "21:00:00",
            "is_all_day": false,
            "one_off_place": "",
            "event": 5087
        }
    },
    {
        "pk": 14549,
        "model": "events.occurrence",
        "fields": {
            "start_datetime": "2011-10-30 13:00:00",
            "end_date": "2011-10-30",
            "start_time": "13:00:00",
            "start_date": "2011-10-30",
            "place": 1499,
            "end_time": "15:00:00",
            "is_all_day": false,
            "one_off_place": "",
            "event": 5087
        }
    },
    {
        "pk": 14548,
        "model": "events.occurrence",
        "fields": {
            "start_datetime": "2011-10-29 13:00:00",
            "end_date": "2011-10-29",
            "start_time": "13:00:00",
            "start_date": "2011-10-29",
            "place": 1499,
            "end_time": "15:00:00",
            "is_all_day": false,
            "one_off_place": "",
            "event": 5087
        }
    },
    {
        "pk": 14547,
        "model": "events.occurrence",
        "fields": {
            "start_datetime": "2011-10-28 19:00:00",
            "end_date": "2011-10-28",
            "start_time": "19:00:00",
            "start_date": "2011-10-28",
            "place": 1499,
            "end_time": "21:00:00",
            "is_all_day": false,
            "one_off_place": "",
            "event": 5087
        }
    },
    {
        "pk": 14546,
        "model": "events.occurrence",
        "fields": {
            "start_datetime": "2011-11-21 19:00:00",
            "end_date": "2011-11-21",
            "start_time": "19:00:00",
            "start_date": "2011-11-21",
            "place": 1498,
            "end_time": "23:00:00",
            "is_all_day": false,
            "one_off_place": "",
            "event": 5086
        }
    },
    {
        "pk": 14545,
        "model": "events.occurrence",
        "fields": {
            "start_datetime": "2011-11-20 13:00:00",
            "end_date": "2011-11-20",
            "start_time": "13:00:00",
            "start_date": "2011-11-20",
            "place": 1498,
            "end_time": "17:00:00",
            "is_all_day": false,
            "one_off_place": "",
            "event": 5086
        }
    },
    {
        "pk": 14544,
        "model": "events.occurrence",
        "fields": {
            "start_datetime": "2011-11-19 13:00:00",
            "end_date": "2011-11-19",
            "start_time": "13:00:00",
            "start_date": "2011-11-19",
            "place": 1498,
            "end_time": "17:00:00",
            "is_all_day": false,
            "one_off_place": "",
            "event": 5086
        }
    },
    {
        "pk": 14543,
        "model": "events.occurrence",
        "fields": {
            "start_datetime": "2011-10-31 19:00:00",
            "end_date": "2011-10-31",
            "start_time": "19:00:00",
            "start_date": "2011-10-31",
            "place": 1498,
            "end_time": "23:00:00",
            "is_all_day": false,
            "one_off_place": "",
            "event": 5086
        }
    },
    {
        "pk": 14542,
        "model": "events.occurrence",
        "fields": {
            "start_datetime": "2011-10-30 13:00:00",
            "end_date": "2011-10-30",
            "start_time": "13:00:00",
            "start_date": "2011-10-30",
            "place": 1498,
            "end_time": "17:00:00",
            "is_all_day": false,
            "one_off_place": "",
            "event": 5086
        }
    },
    {
        "pk": 14541,
        "model": "events.occurrence",
        "fields": {
            "start_datetime": "2011-10-29 13:00:00",
            "end_date": "2011-10-29",
            "start_time": "13:00:00",
            "start_date": "2011-10-29",
            "place": 1498,
            "end_time": "17:00:00",
            "is_all_day": false,
            "one_off_place": "",
            "event": 5086
        }
    },
    {
        "pk": 14540,
        "model": "events.occurrence",
        "fields": {
            "start_datetime": "2011-10-28 19:00:00",
            "end_date": "2011-10-28",
            "start_time": "19:00:00",
            "start_date": "2011-10-28",
            "place": 1498,
            "end_time": "23:00:00",
            "is_all_day": false,
            "one_off_place": "",
            "event": 5086
        }
    },
    {
        "pk": 14539,
        "model": "events.occurrence",
        "fields": {
            "start_datetime": "2011-11-06 09:00:00",
            "end_date": null,
            "start_time": "09:00:00",
            "start_date": "2011-11-06",
            "place": 1497,
            "end_time": null,
            "is_all_day": false,
            "one_off_place": "",
            "event": 5085
        }
    },
    {
        "pk": 14537,
        "model": "events.occurrence",
        "fields": {
            "start_datetime": "2011-10-30 16:00:00",
            "end_date": "2011-10-30",
            "start_time": "16:00:00",
            "start_date": "2011-10-30",
            "place": 1496,
            "end_time": "18:00:00",
            "is_all_day": false,
            "one_off_place": "",
            "event": 5083
        }
    }
]
